{"cameraMode":{"drawMode":0,"name":"Shaded","section":"Shading Mode"},"sceneLighting":true,"audioPlay":false,"sceneViewState":{"m_AlwaysRefresh":false,"showFog":true,"showSkybox":true,"showFlares":true,"showImageEffects":true,"showParticleSystems":true,"showVisualEffectGraphs":true,"m_FxEnabled":true},"in2DMode":false,"pivot":{"x":731.3086547851563,"y":30.516826629638673,"z":753.5048217773438},"rotation":{"x":0.1260252296924591,"y":0.46818363666534426,"z":-0.06742360442876816,"w":0.8721582889556885},"size":10.390253067016602,"orthographic":false}