{"cameraMode":{"drawMode":0,"name":"Shaded","section":"Shading Mode"},"sceneLighting":true,"audioPlay":false,"sceneViewState":{"m_AlwaysRefresh":false,"showFog":true,"showSkybox":true,"showFlares":true,"showImageEffects":true,"showParticleSystems":true,"showVisualEffectGraphs":true,"m_FxEnabled":true},"in2DMode":false,"pivot":{"x":1202.80712890625,"y":111.79491424560547,"z":-232.8229522705078},"rotation":{"x":-0.04472409933805466,"y":-0.010034367442131043,"z":0.004037958569824696,"w":-1.0004054307937623},"size":254.89395141601563,"orthographic":false}